{"cameraMode":{"drawMode":0,"name":"Shaded","section":"Shading Mode"},"sceneLighting":true,"audioPlay":false,"sceneViewState":{"m_AlwaysRefresh":false,"showFog":true,"showSkybox":true,"showFlares":true,"showImageEffects":true,"showParticleSystems":true,"showVisualEffectGraphs":true,"m_FxEnabled":true},"in2DMode":false,"pivot":{"x":7.6829071044921879,"y":13.876137733459473,"z":1.1783058643341065},"rotation":{"x":-0.4762854278087616,"y":0.060442861169576648,"z":-0.043073926120996478,"w":-0.8761957287788391},"size":3.18288516998291,"orthographic":false}