{"cameraMode":{"drawMode":0,"name":"Shaded","section":"Shading Mode"},"sceneLighting":true,"audioPlay":false,"sceneViewState":{"m_AlwaysRefresh":false,"showFog":true,"showSkybox":true,"showFlares":true,"showImageEffects":true,"showParticleSystems":true,"showVisualEffectGraphs":true,"m_FxEnabled":true},"in2DMode":false,"pivot":{"x":14.944731712341309,"y":2.8740437030792238,"z":8.791181564331055},"rotation":{"x":0.34040969610214236,"y":-0.161077618598938,"z":0.059312861412763599,"w":0.9244827628135681},"size":1.0618826150894166,"orthographic":false}