{"cameraMode":{"drawMode":0,"name":"Shaded","section":"Shading Mode"},"sceneLighting":true,"audioPlay":false,"sceneViewState":{"m_AlwaysRefresh":false,"showFog":true,"showSkybox":true,"showFlares":true,"showImageEffects":true,"showParticleSystems":true,"showVisualEffectGraphs":true,"m_FxEnabled":true},"in2DMode":false,"pivot":{"x":9.058573722839356,"y":8.336230278015137,"z":7.801512718200684},"rotation":{"x":0.45058441162109377,"y":0.12907887995243073,"z":-0.06602490693330765,"w":0.8808954954147339},"size":0.6399022340774536,"orthographic":false}